,Name,Pos,HT,WT,Age,YOS,Draft Status
5,Precious Achiuwa,SF,6-8,243,25,4,2020 Rnd 1 Pick 20
12,Steven Adams,C,6-11,265,31,11,2013 Rnd 1 Pick 12
13,Bam Adebayo,C,6-9,255,27,7,2017 Rnd 1 Pick 14
30,Ochai Agbaji,SF,6-5,215,24,2,2022 Rnd 1 Pick 14
7,Santi Aldama,C,7-0,215,24,3,2021 Rnd 1 Pick 30
23,Trey Alexander,SG,6-4,185,22,0,"2024 NBA Draft, Undrafted"
9,Nickeil Alexander-Walker,SG,6-5,205,26,5,2019 Rnd 1 Pick 17
8,Grayson Allen,SG,6-4,198,29,6,2018 Rnd 1 Pick 21
31,Jarrett Allen,C,6-9,243,26,7,2017 Rnd 1 Pick 22
15,Jose Alvarado,G,6-0,179,26,3,"2021 NBA Draft, Undrafted"
20,Kyle Anderson,PF,6-9,230,31,10,2014 Rnd 1 Pick 30
34,Giannis Antetokounmpo,F,6-11,243,30,11,2013 Rnd 1 Pick 15
50,Cole Anthony,PG,6-2,185,24,4,2020 Rnd 1 Pick 15
8,OG Anunoby,SF,6-7,240,27,7,2017 Rnd 1 Pick 23
1,Taran Armstrong,G,6-5,190,23,0,"2024 NBA Draft, Undrafted"
8,Deni Avdija,SG,6-9,240,24,4,2020 Rnd 1 Pick 9
2,Deandre Ayton,C,7-0,252,26,6,2018 Rnd 1 Pick 1
35,Marvin Bagley III,PF,6-10,235,26,6,2018 Rnd 1 Pick 2
35,Marcus Bagley,SF,6-6,217,23,0,"2023 NBA Draft, Undrafted"
23,"Patrick Baldwin, Jr.",SG,6-9,220,22,2,2022 Rnd 1 Pick 28
1,LaMelo Ball,G,6-7,180,23,4,2020 Rnd 1 Pick 3
2,Lonzo Ball,PG,6-6,190,27,7,2017 Rnd 1 Pick 2
5,Paolo Banchero,C,6-10,250,22,2,2022 Rnd 1 Pick 1
22,Desmond Bane,SG,6-5,215,26,4,2020 Rnd 1 Pick 30
5,Dalano Banton,PG,6-8,203,25,3,2021 Rnd 2 Pick 16
26,Dominick Barlow,F,6-8,215,21,2,"2022 NBA Draft, Undrafted"
40,Harrison Barnes,SF,6-8,225,32,12,2012 Rnd 1 Pick 7
4,Scottie Barnes,SF,6-7,237,23,3,2021 Rnd 1 Pick 4
9,R.J. Barrett,SG,6-6,214,24,5,2019 Rnd 1 Pick 3
28,Charles Bassey,PF,6-10,230,24,3,2021 Rnd 2 Pick 23
21,Emoni Bates,SF,6-8,202,21,1,2023 Rnd 2 Pick 19
77,Jamison Battle,SF,6-7,220,23,0,"2024 NBA Draft, Undrafted"
33,Nicolas Batum,F,6-8,230,36,16,2008 Rnd 1 Pick 25
7,Damion Baugh,SG,6-4,194,24,0,"2023 NBA Draft, Undrafted"
3,Bradley Beal,SG,6-4,207,31,12,2012 Rnd 1 Pick 3
5,Malik Beasley,SG,6-4,187,28,8,2016 Rnd 1 Pick 19
14,MarJon Beauchamp,SG,6-7,199,24,2,2022 Rnd 1 Pick 24
4,Reece Beekman,PG,6-3,190,23,0,"2024 NBA Draft, Undrafted"
14,Saddiq Bey,F,6-7,215,25,4,2020 Rnd 1 Pick 19
35,Goga Bitadze,C,6-10,250,25,5,2019 Rnd 1 Pick 18
18,Bismack Biyombo,PF,6-8,255,32,13,2011 Rnd 1 Pick 7
0,Anthony Black,G,6-7,200,21,1,2023 Rnd 1 Pick 6
10,Bogdan Bogdanovic,SG,6-5,225,32,7,2014 Rnd 1 Pick 27
11,Bol Bol,C,7-3,220,25,5,2019 Rnd 2 Pick 14
30,Adem Bona,C,6-10,235,22,0,2024 Rnd 2 Pick 11
1,Devin Booker,SG,6-6,206,28,9,2015 Rnd 1 Pick 13
11,"B.J. Boston, Jr.",SG,6-6,188,23,3,2021 Rnd 2 Pick 21
25,Chris Boucher,PF,6-9,200,32,7,"2017 NBA Draft, Undrafted"
15,Jamaree Bouyea,G,6-2,180,25,2,"2022 NBA Draft, Undrafted"
13,Tony Bradley,C,6-11,248,27,6,2017 Rnd 1 Pick 28
22,Malaki Branham,GF,6-4,180,21,2,2022 Rnd 1 Pick 20
0,Christian Braun,SF,6-6,220,23,2,2022 Rnd 1 Pick 21
15,Jalen Bridges,F,6-8,225,24,0,"2024 NBA Draft, Undrafted"
25,Mikal Bridges,SG,6-6,209,28,6,2018 Rnd 1 Pick 10
0,Miles Bridges,SF,6-7,225,27,5,2018 Rnd 1 Pick 12
15,Malcolm Brogdon,SG,6-4,229,32,8,2016 Rnd 2 Pick 6
9,Dillon Brooks,F,6-6,225,29,7,2017 Rnd 2 Pick 15
0,"Keion Brooks, Jr.",SF,6-7,210,24,0,"2024 NBA Draft, Undrafted"
7,Jaylen Brown,SF,6-6,223,28,8,2016 Rnd 1 Pick 3
0,"Bruce Brown, Jr.",SG,6-4,202,28,6,2018 Rnd 2 Pick 12
21,Kobe Brown,GF,6-7,250,25,1,2023 Rnd 1 Pick 30
11,Jalen Brunson,PG,6-2,190,28,6,2018 Rnd 2 Pick 3
3,Thomas Bryant,C,6-10,248,27,7,2017 Rnd 2 Pick 12
4,Kobe Bufkin,G,6-4,195,21,1,2023 Rnd 1 Pick 15
18,Alec Burks,SG,6-5,214,33,13,2011 Rnd 1 Pick 12
10,Jimmy Butler III,GF,6-7,230,35,13,2011 Rnd 1 Pick 30
12,Jared Butler,PG,6-3,193,24,3,2021 Rnd 2 Pick 10
14,Matas Buzelis,F,6-10,209,20,0,2024 Rnd 1 Pick 11
8,Jamal Cain,F,6-6,191,26,2,"2022 NBA Draft, Undrafted"
3,Kentavious Caldwell-Pope,SG,6-5,204,32,11,2013 Rnd 1 Pick 8
33,Toumani Camara,SF,6-7,229,24,1,2023 Rnd 2 Pick 22
31,Vlatko Cancar,SF,6-8,236,27,5,2017 Rnd 2 Pick 19
15,Clint Capela,PF,6-10,256,30,10,2014 Rnd 1 Pick 25
15,Branden Carlson,PF,7-0,220,25,0,"2024 NBA Draft, Undrafted"
8,Bub Carrington,G,6-4,190,19,0,2024 Rnd 1 Pick 14
22,Devin Carter,G,6-2,195,23,0,2024 Rnd 1 Pick 13
5,Jevon Carter,PG,6-1,200,29,6,2018 Rnd 2 Pick 2
34,"Wendell Carter, Jr.",PF,6-10,270,25,6,2018 Rnd 1 Pick 7
9,Alex Caruso,G,6-5,186,31,7,"2016 NBA Draft, Undrafted"
5,Stephon Castle,G,6-6,215,20,0,2024 Rnd 1 Pick 4
30,Julian Champagnie,F,6-7,217,23,2,"2022 NBA Draft, Undrafted"
9,Justin Champagnie,F,6-6,206,23,3,"2021 NBA Draft, Undrafted"
22,Ulrich Chomche,PF,6-11,235,20,0,2024 Rnd 2 Pick 27
12,Cameron Christie,SG,6-6,190,19,0,2024 Rnd 2 Pick 16
0,Max Christie,F,6-5,190,22,2,2022 Rnd 2 Pick 5
8,Josh Christopher,G,6-4,215,23,3,2021 Rnd 1 Pick 24
91,Sidy Cissoko,GF,6-6,200,21,1,2023 Rnd 2 Pick 14
22,Jaylen Clark,G,6-4,205,23,1,2023 Rnd 2 Pick 23
15,Brandon Clarke,PF,6-8,215,28,5,2019 Rnd 1 Pick 21
0,Jordan Clarkson,G,6-3,194,32,10,2014 Rnd 2 Pick 16
33,Nicolas Claxton,C,6-11,215,25,5,2019 Rnd 2 Pick 1
23,Donovan Clingan,C,7-2,280,21,0,2024 Rnd 1 Pick 7
21,Noah Clowney,F,6-9,210,20,1,2023 Rnd 1 Pick 21
7,Amir Coffey,SF,6-7,210,27,5,"2019 NBA Draft, Undrafted"
13,Isaiah Collier,G,6-3,210,20,0,2024 Rnd 1 Pick 29
20,John Collins,PF,6-9,226,27,7,2017 Rnd 1 Pick 19
12,Zach Collins,C,6-11,250,27,7,2017 Rnd 1 Pick 10
10,Mike Conley,PG,6-0,175,37,17,2007 Rnd 1 Pick 4
24,Pat Connaughton,SF,6-5,209,32,9,2015 Rnd 2 Pick 11
0,Bilal Coulibaly,GF,6-8,195,20,1,2023 Rnd 1 Pick 7
14,Ricky Council IV,G,6-6,207,23,1,"2023 NBA Draft, Undrafted"
12,Torrey Craig,GF,6-5,221,34,7,"2014 NBA Draft, Undrafted"
24,Isaiah Crawford,GF,6-6,220,23,0,"2024 NBA Draft, Undrafted"
99,Jae Crowder,SF,6-6,235,34,12,2012 Rnd 2 Pick 4
2,Cade Cunningham,SF,6-6,220,23,3,2021 Rnd 1 Pick 1
30,Seth Curry,G,6-1,185,34,11,"2013 NBA Draft, Undrafted"
30,Stephen Curry,G,6-2,185,37,15,2009 Rnd 1 Pick 7
23,Tristan Da Silva,F,6-8,217,23,0,2024 Rnd 1 Pick 18
4,Pacome Dadiet,SF,6-8,210,19,0,2024 Rnd 1 Pick 25
5,Dyson Daniels,GF,6-7,199,22,2,2022 Rnd 1 Pick 8
3,N'Faly Dante,PF,6-11,230,23,0,"2024 NBA Draft, Undrafted"
3,Anthony Davis,PF,6-10,253,32,12,2012 Rnd 1 Pick 1
20,J.D. Davison,F,6-1,195,22,2,2022 Rnd 2 Pick 23
10,DeMar DeRozan,GF,6-6,220,35,15,2009 Rnd 1 Pick 9
10,RayJ Dennis,PG,6-2,180,24,0,"2024 NBA Draft, Undrafted"
0,Donte DiVincenzo,SG,6-4,203,28,6,2018 Rnd 1 Pick 17
14,Moussa Diabate,PF,6-9,210,23,2,2022 Rnd 2 Pick 13
1,Gradey Dick,GF,6-6,200,21,1,2023 Rnd 1 Pick 13
13,Ousmane Dieng,SG,6-9,185,21,2,2022 Rnd 1 Pick 11
4,Rob Dillingham,G,6-3,175,20,0,2024 Rnd 1 Pick 8
26,Spencer Dinwiddie,PG,6-5,215,31,10,2014 Rnd 2 Pick 8
77,Luka Doncic,SF,6-6,230,26,6,2018 Rnd 1 Pick 3
5,Luguentz Dort,PG,6-4,220,25,5,"2019 NBA Draft, Undrafted"
11,Ayo Dosunmu,PG,6-5,200,25,3,2021 Rnd 2 Pick 8
11,Jeff Dowtin,PG,6-3,177,27,3,"2020 NBA Draft, Undrafted"
1,Andre Drummond,C,6-11,279,31,12,2012 Rnd 1 Pick 9
88,Alex Ducas,G,6-7,220,24,0,"2024 NBA Draft, Undrafted"
7,David Duke,SG,6-4,204,25,3,"2021 NBA Draft, Undrafted"
8,Kris Dunn,SG,6-3,205,31,8,2016 Rnd 1 Pick 5
0,Ryan Dunn,G,6-8,216,22,0,2024 Rnd 1 Pick 28
35,Kevin Durant,SF,6-11,240,36,17,2007 Rnd 1 Pick 2
0,Jalen Duren,PF,6-10,250,21,2,2022 Rnd 1 Pick 13
17,Tari Eason,F,6-8,215,23,2,2022 Rnd 1 Pick 17
14,Zach Edey,C,7-4,305,22,0,2024 Rnd 1 Pick 9
5,Anthony Edwards,SF,6-4,225,23,4,2020 Rnd 1 Pick 1
14,Jesse Edwards,C,7-0,236,25,0,"2024 NBA Draft, Undrafted"
19,Justin Edwards,SF,6-7,203,21,0,"2024 NBA Draft, Undrafted"
20,Kessler Edwards,SG,6-7,203,24,3,2021 Rnd 2 Pick 14
23,Keon Ellis,F,6-4,175,25,2,"2022 NBA Draft, Undrafted"
21,Joel Embiid,C,7-0,280,31,10,2014 Rnd 1 Pick 3
10,Tyson Etienne,G,6-2,200,25,0,"2022 NBA Draft, Undrafted"
15,Drew Eubanks,C,6-10,245,28,6,"2018 NBA Draft, Undrafted"
12,Tosan Evbuomwan,SF,6-7,217,24,1,"2023 NBA Draft, Undrafted"
0,Dante Exum,PG,6-5,214,29,8,2014 Rnd 1 Pick 5
22,Kyle Filipowski,C,6-11,250,21,0,2024 Rnd 2 Pick 2
17,Dorian Finney-Smith,SF,6-7,220,31,8,"2016 NBA Draft, Undrafted"
14,Adam Flagler,G,6-3,180,25,1,"2023 NBA Draft, Undrafted"
9,Trentyn Flowers,F,6-9,185,20,0,"2024 NBA Draft, Undrafted"
19,Simone Fontecchio,SF,6-7,209,29,2,"2017 NBA Draft, Undrafted"
4,De'Aaron Fox,PG,6-3,185,27,7,2017 Rnd 1 Pick 5
8,Enrique Freeman,F,6-7,220,24,0,2024 Rnd 2 Pick 20
20,Markelle Fultz,PG,6-4,209,26,7,2017 Rnd 1 Pick 1
12,Johnny Furphy,F,6-9,200,20,0,2024 Rnd 2 Pick 5
21,Daniel Gafford,C,6-10,265,26,5,2019 Rnd 2 Pick 8
10,Darius Garland,G,6-1,192,25,5,2019 Rnd 1 Pick 5
55,Luka Garza,C,6-10,243,26,3,2021 Rnd 2 Pick 22
3,Keyonte George,G,6-4,185,21,1,2023 Rnd 1 Pick 16
18,Kyshawn George,F,6-8,200,21,0,2024 Rnd 1 Pick 24
8,Paul George,GF,6-8,220,34,14,2010 Rnd 1 Pick 10
67,Taj Gibson,F,6-9,232,39,15,2009 Rnd 1 Pick 26
3,Josh Giddey,G,6-8,216,22,3,2021 Rnd 1 Pick 6
2,Shai Gilgeous-Alexander,PG,6-6,195,26,6,2018 Rnd 1 Pick 11
16,Anthony Gill,PF,6-8,230,32,4,"2016 NBA Draft, Undrafted"
12,Collin Gillespie,PG,6-1,195,26,2,"2022 NBA Draft, Undrafted"
27,Rudy Gobert,C,7-1,258,32,11,2013 Rnd 1 Pick 27
30,Jordan Goodwin,SG,6-5,215,26,3,"2021 NBA Draft, Undrafted"
32,Aaron Gordon,F,6-8,235,29,10,2014 Rnd 1 Pick 4
23,Eric Gordon,G,6-3,215,36,16,2008 Rnd 1 Pick 7
9,Jerami Grant,F,6-7,210,31,10,2014 Rnd 2 Pick 9
20,A.J. Green,PG,6-4,190,25,2,"2022 NBA Draft, Undrafted"
23,Draymond Green,F,6-6,230,35,12,2012 Rnd 2 Pick 5
4,Jalen Green,SG,6-4,186,23,3,2021 Rnd 1 Pick 2
8,Javonte Green,G,6-5,205,31,5,"2015 NBA Draft, Undrafted"
32,Jeff Green,F,6-8,235,38,16,2007 Rnd 1 Pick 5
10,Josh Green,SG,6-5,200,24,4,2020 Rnd 1 Pick 18
5,Quentin Grimes,SG,6-4,210,24,3,2021 Rnd 1 Pick 25
18,Mouhamed Gueye,F,6-10,210,22,1,2023 Rnd 2 Pick 9
28,Rui Hachimura,F,6-8,230,27,5,2019 Rnd 1 Pick 9
0,Tyrese Haliburton,PG,6-5,185,25,4,2020 Rnd 1 Pick 12
13,P.J. Hall,PF,6-10,245,23,0,"2024 NBA Draft, Undrafted"
8,Tim Hardaway Jr.,SG,6-5,205,33,11,2013 Rnd 1 Pick 24
1,James Harden,SG,6-5,220,35,15,2009 Rnd 1 Pick 3
1,Jaden Hardy,SG,6-3,198,22,2,2022 Rnd 2 Pick 7
16,E.J. Harkless,PG,6-3,195,25,0,"2023 NBA Draft, Undrafted"
13,Ron Harper,G,6-4,233,24,2,"2022 NBA Draft, Undrafted"
14,Gary Harris,SG,6-4,210,30,10,2014 Rnd 1 Pick 19
12,Tobias Harris,F,6-8,226,32,13,2011 Rnd 1 Pick 19
3,Josh Hart,SG,6-4,215,30,7,2017 Rnd 1 Pick 30
55,Isaiah Hartenstein,PF,7-0,250,26,6,2017 Rnd 2 Pick 13
30,Sam Hauser,SF,6-7,217,27,3,"2021 NBA Draft, Undrafted"
24,Jordan Hawkins,G,6-5,190,22,1,2023 Rnd 1 Pick 14
11,Jaxson Hayes,PF,7-0,220,24,5,2019 Rnd 1 Pick 8
0,Scoot Henderson,G,6-3,206,21,1,2023 Rnd 1 Pick 3
0,Taylor Hendricks,F,6-9,215,21,1,2023 Rnd 1 Pick 9
14,Tyler Herro,SG,6-5,195,25,5,2019 Rnd 1 Pick 13
7,Buddy Hield,G,6-4,220,32,8,2016 Rnd 1 Pick 6
24,Haywood Highsmith,F,6-5,220,28,4,"2018 NBA Draft, Undrafted"
0,Aaron Holiday,PG,6-0,185,28,6,2018 Rnd 1 Pick 23
4,Jrue Holiday,G,6-4,205,34,15,2009 Rnd 1 Pick 17
0,Ron Holland,F,6-8,206,19,0,2024 Rnd 1 Pick 5
14,DaRon Holmes II,PF,6-10,225,22,0,2024 Rnd 1 Pick 22
22,Richaun Holmes,F,6-9,235,31,9,2015 Rnd 2 Pick 7
7,Chet Holmgren,C,7-1,208,22,2,2022 Rnd 1 Pick 2
17,Jalen Hood-Schifino,PG,6-5,210,21,1,2023 Rnd 1 Pick 17
42,Al Horford,FC,6-9,240,38,17,2007 Rnd 1 Pick 3
22,Talen Horton-Tucker,SF,6-4,234,24,5,2019 Rnd 2 Pick 16
2,Caleb Houstan,SF,6-8,205,22,2,2022 Rnd 2 Pick 2
13,Jett Howard,GF,6-6,215,21,1,2023 Rnd 1 Pick 11
13,Kevin Huerter,SF,6-7,198,26,6,2018 Rnd 1 Pick 19
30,James Huff,C,7-1,240,27,3,"2021 NBA Draft, Undrafted"
55,Ariel Hukporti,C,6-11,246,22,0,2024 Rnd 2 Pick 28
12,De'Andre Hunter,PF,6-8,221,27,5,2019 Rnd 1 Pick 4
77,Bones Hyland,G,6-2,169,24,3,2021 Rnd 1 Pick 26
4,Oso Ighodaro,F,7-0,235,22,0,2024 Rnd 2 Pick 10
7,Joe Ingles,F,6-8,220,37,10,"2009 NBA Draft, Undrafted"
3,Brandon Ingram,SF,6-8,190,27,8,2016 Rnd 1 Pick 2
55,Harrison Ingram,F,6-5,230,22,0,2024 Rnd 2 Pick 18
11,Kyrie Irving,G,6-2,195,33,13,2011 Rnd 1 Pick 1
1,Jonathan Isaac,SF,6-10,230,27,7,2017 Rnd 1 Pick 6
23,Jaden Ivey,G,6-4,195,23,2,2022 Rnd 1 Pick 5
45,G.G. Jackson,PF,6-9,210,20,1,2023 Rnd 2 Pick 15
22,Isaiah Jackson,PF,6-9,205,23,3,2021 Rnd 1 Pick 22
44,"Andre Jackson, Jr.",G,6-6,209,23,1,2023 Rnd 2 Pick 6
13,"Jaren Jackson, Jr.",PF,6-10,242,25,6,2018 Rnd 1 Pick 4
29,Quenton Jackson,GF,6-5,173,26,2,"2022 NBA Draft, Undrafted"
32,Trayce Jackson-Davis,F,6-9,245,25,1,2023 Rnd 2 Pick 27
9,Bronny James,G,6-3,210,20,0,2024 Rnd 2 Pick 25
23,LeBron James,F,6-9,250,40,21,2003 Rnd 1 Pick 1
11,"Jaime Jaquez, Jr.",GF,6-6,225,24,1,2023 Rnd 1 Pick 18
3,DaQuan Jeffries,SF,6-5,222,27,5,"2019 NBA Draft, Undrafted"
55,Trey Jemison,PF,6-11,270,25,1,"2023 NBA Draft, Undrafted"
24,Daniss Jenkins,G,6-3,165,23,0,"2024 NBA Draft, Undrafted"
2,Ty Jerome,PG,6-5,195,27,5,2019 Rnd 1 Pick 24
11,Isaiah Joe,SG,6-3,165,25,4,2020 Rnd 2 Pick 19
5,A.J. Johnson,G,6-5,160,20,0,2024 Rnd 1 Pick 23
2,Cameron Johnson,G,6-8,210,29,5,2019 Rnd 1 Pick 11
1,Jalen Johnson,PF,6-8,219,23,3,2021 Rnd 1 Pick 20
16,James Johnson,F,6-7,240,38,15,2009 Rnd 1 Pick 16
0,Keldon Johnson,SF,6-5,220,25,5,2019 Rnd 1 Pick 29
45,Keon Johnson,PG,6-5,185,23,3,2021 Rnd 1 Pick 21
16,Keshad Johnson,SF,6-7,225,23,0,"2024 NBA Draft, Undrafted"
15,Nikola Jokic,C,6-11,284,30,9,2014 Rnd 2 Pick 11
1,Colby Jones,GF,6-6,207,22,1,2023 Rnd 2 Pick 4
55,Derrick Jones,SF,6-6,210,28,8,"2016 NBA Draft, Undrafted"
3,Dillon Jones,PG,6-5,235,23,0,2024 Rnd 1 Pick 26
2,Herb Jones,SF,6-7,206,26,3,2021 Rnd 2 Pick 5
3,Isaac Jones,C,6-9,245,24,0,"2024 NBA Draft, Undrafted"
23,Kai Jones,PF,6-11,221,24,3,2021 Rnd 1 Pick 19
15,Mason Jones,G,6-4,200,26,3,"2020 NBA Draft, Undrafted"
21,Spencer Jones,SF,6-7,225,24,0,"2024 NBA Draft, Undrafted"
30,Tre Jones,PG,6-1,185,25,4,2020 Rnd 2 Pick 11
21,Tyus Jones,PG,6-1,196,28,9,2015 Rnd 1 Pick 24
6,DeAndre Jordan,C,6-11,265,36,16,2008 Rnd 2 Pick 5
10,Cory Joseph,PG,6-2,200,33,13,2011 Rnd 1 Pick 29
5,Nikola Jovic,F,6-10,205,21,2,2022 Rnd 1 Pick 27
33,Johnny Juzang,SG,6-5,226,24,2,"2022 NBA Draft, Undrafted"
17,Yuki Kawamura,G,5-8,159,23,0,"2023 NBA Draft, Undrafted"
10,Luke Kennard,SG,6-5,206,28,7,2017 Rnd 1 Pick 12
24,Walker Kessler,C,7-0,245,23,2,2022 Rnd 1 Pick 22
12,Braxton Key,SF,6-8,225,28,3,"2020 NBA Draft, Undrafted"
24,Corey Kispert,SF,6-6,224,26,3,2021 Rnd 1 Pick 15
14,Maxi Kleber,PF,6-10,240,33,7,"2014 NBA Draft, Undrafted"
34,Bobi Klintman,F,6-9,225,22,0,2024 Rnd 2 Pick 7
4,Dalton Knecht,F,6-6,215,23,0,2024 Rnd 1 Pick 17
31,Kevin Knox II,SF,6-8,215,25,6,2018 Rnd 1 Pick 9
13,Tyler Kolek,G,6-3,195,24,0,2024 Rnd 2 Pick 4
10,Christian Koloko,C,7-0,225,24,2,2022 Rnd 2 Pick 3
46,John Konchar,G,6-5,210,29,5,"2019 NBA Draft, Undrafted"
40,Luke Kornet,F,7-1,250,29,7,"2017 NBA Draft, Undrafted"
27,Vit Krejci,PG,6-8,195,24,3,2020 Rnd 2 Pick 7
0,Jonathan Kuminga,F,6-7,225,22,3,2021 Rnd 1 Pick 7
18,Kyle Kuzma,F,6-9,221,29,7,2017 Rnd 1 Pick 27
33,Jake LaRavia,F,6-7,235,23,2,2022 Rnd 1 Pick 19
8,Zach LaVine,SG,6-5,200,30,10,2014 Rnd 1 Pick 13
2,Jock Landale,C,6-11,255,29,3,"2018 NBA Draft, Undrafted"
9,Pelle Larsson,SG,6-5,215,24,0,2024 Rnd 2 Pick 14
0,A.J. Lawson,F,6-6,179,24,2,"2021 NBA Draft, Undrafted"
3,Caris LeVert,G,6-6,205,30,8,2016 Rnd 1 Pick 20
10,Damion Lee,G,6-6,210,32,7,"2016 NBA Draft, Undrafted"
27,Alex Len,C,7-0,250,31,11,2013 Rnd 1 Pick 5
2,Kawhi Leonard,F,6-7,225,33,13,2011 Rnd 1 Pick 15
27,Maxwell Lewis,SF,6-7,215,22,1,2023 Rnd 2 Pick 10
32,E.J. Liddell,PF,6-6,240,24,2,2022 Rnd 2 Pick 11
0,Damian Lillard,G,6-2,195,34,12,2012 Rnd 1 Pick 6
2,Dereck Lively II,C,7-1,230,21,1,2023 Rnd 1 Pick 12
7,Chris Livingston,F,6-6,220,21,1,2023 Rnd 2 Pick 28
5,Kevon Looney,PF,6-9,222,29,9,2015 Rnd 1 Pick 30
11,Brook Lopez,C,7-1,282,37,16,2008 Rnd 1 Pick 10
42,Kevin Love,FC,6-8,251,36,16,2008 Rnd 1 Pick 5
7,Kyle Lowry,PG,6-0,196,39,18,2006 Rnd 1 Pick 24
5,Seth Lundy,GF,6-4,220,26,1,2023 Rnd 2 Pick 16
41,Trey Lyles,SF,6-9,234,29,9,2015 Rnd 1 Pick 12
54,Sandro Mamukelashvili,F,6-9,240,25,3,2021 Rnd 2 Pick 24
14,Terance Mann,SG,6-5,215,28,5,2019 Rnd 2 Pick 18
23,Tre Mann,PG,6-3,178,24,3,2021 Rnd 1 Pick 18
23,Lauri Markkanen,SF,7-0,240,27,7,2017 Rnd 1 Pick 7
13,Naji Marshall,SF,6-6,220,27,4,"2020 NBA Draft, Undrafted"
16,Caleb Martin,F,6-5,205,29,5,"2019 NBA Draft, Undrafted"
17,Cody Martin,F,6-6,205,29,5,2019 Rnd 2 Pick 6
4,Jaylen Martin,F,6-6,216,22,1,"2023 NBA Draft, Undrafted"
99,K.J. Martin,F,6-6,215,24,4,2020 Rnd 2 Pick 22
13,Tyrese Martin,GF,6-6,215,26,1,2022 Rnd 2 Pick 21
24,Garrison Mathews,SG,6-6,215,28,5,"2019 NBA Draft, Undrafted"
0,Bennedict Mathurin,GF,6-5,210,22,2,2022 Rnd 1 Pick 6
17,Karlo Matkovic,PF,6-10,231,24,0,2022 Rnd 2 Pick 22
0,Tyrese Maxey,PG,6-2,200,24,4,2020 Rnd 1 Pick 21
2,Miles McBride,G,6-1,195,24,3,2021 Rnd 2 Pick 6
20,Jared McCain,G,6-3,195,21,0,2024 Rnd 1 Pick 16
8,Mac McClung,PG,6-2,185,26,2,"2021 NBA Draft, Undrafted"
3,C.J. McCollum,G,6-3,190,33,11,2013 Rnd 1 Pick 10
9,T.J. McConnell,G,6-1,190,33,9,"2015 NBA Draft, Undrafted"
9,"Kevin McCullar, Jr.",PG,6-6,210,24,0,2024 Rnd 2 Pick 26
3,Jaden McDaniels,F,6-9,185,24,4,2020 Rnd 1 Pick 28
7,Doug McDermott,F,6-6,225,33,10,2014 Rnd 1 Pick 11
11,Bryce McGowens,GF,6-6,190,22,2,2022 Rnd 2 Pick 10
11,Jordan McLaughlin,G,6-0,185,28,5,"2018 NBA Draft, Undrafted"
58,Jack McVeigh,F,6-8,215,29,0,"2019 NBA Draft, Undrafted"
8,De'Anthony Melton,SG,6-3,200,26,6,2018 Rnd 2 Pick 16
5,Sam Merrill,G,6-4,205,28,4,2020 Rnd 2 Pick 30
18,Vasilije Micic,PG,6-3,188,31,1,2014 Rnd 2 Pick 22
32,Khris Middleton,SF,6-7,222,33,12,2012 Rnd 2 Pick 9
24,Brandon Miller,F,6-7,200,22,1,2023 Rnd 1 Pick 2
20,Emanuel Miller,SF,6-7,215,24,0,"2024 NBA Draft, Undrafted"
11,Jordan Miller,G,6-5,194,25,1,2023 Rnd 2 Pick 18
33,Leonard Miller,F,6-10,220,21,1,2023 Rnd 2 Pick 3
88,Patty Mills,G,6-2,180,36,15,2009 Rnd 2 Pick 25
20,Shake Milton,SG,6-5,205,28,6,2018 Rnd 2 Pick 24
10,Justin Minaya,F,6-5,205,26,2,"2022 NBA Draft, Undrafted"
27,Riley Minix,SF,6-7,230,24,0,"2024 NBA Draft, Undrafted"
8,Josh Minott,F,6-8,205,22,2,2022 Rnd 2 Pick 15
21,Yves Missi,C,6-11,235,20,0,2024 Rnd 1 Pick 21
25,Ajay Mitchell,PG,6-5,190,22,0,2024 Rnd 2 Pick 8
45,Davion Mitchell,PG,6-0,202,26,3,2021 Rnd 1 Pick 9
45,Donovan Mitchell,SG,6-3,215,28,7,2017 Rnd 1 Pick 13
4,Evan Mobley,PF,6-11,215,23,3,2021 Rnd 1 Pick 3
2,Jonathan Mogbo,F,6-9,225,23,0,2024 Rnd 2 Pick 1
0,Malik Monk,SG,6-3,200,27,7,2017 Rnd 1 Pick 11
4,Moses Moody,SG,6-5,211,22,3,2021 Rnd 1 Pick 14
9,"Wendell Moore, Jr.",SF,6-5,215,23,2,2022 Rnd 1 Pick 26
12,Ja Morant,G,6-2,174,25,5,2019 Rnd 1 Pick 2
88,Markieff Morris,PF,6-9,245,35,13,2011 Rnd 1 Pick 13
23,Monte Morris,G,6-2,183,29,7,2017 Rnd 2 Pick 21
25,Trey Murphy III,G,6-8,206,24,3,2021 Rnd 1 Pick 17
5,Dejounte Murray,SG,6-4,180,28,8,2016 Rnd 1 Pick 29
27,Jamal Murray,SG,6-4,215,28,8,2016 Rnd 1 Pick 7
13,Keegan Murray,F,6-8,225,24,2,2022 Rnd 1 Pick 4
24,Kris Murray,F,6-8,216,24,1,2023 Rnd 1 Pick 23
19,Svi Mykhailiuk,SF,6-7,205,27,6,2018 Rnd 2 Pick 17
22,"Larry Nance, Jr.",SF,6-8,245,32,9,2015 Rnd 1 Pick 27
35,Pete Nance,PF,6-10,225,25,1,"2023 NBA Draft, Undrafted"
2,Andrew Nembhard,PG,6-4,191,25,2,2022 Rnd 2 Pick 1
23,Aaron Nesmith,F,6-6,215,25,4,2020 Rnd 1 Pick 14
13,Tristen Newton,SG,6-5,190,24,0,2024 Rnd 2 Pick 19
20,Georges Niang,F,6-7,230,31,8,2016 Rnd 2 Pick 20
22,Zeke Nnaji,PF,6-9,240,24,4,2020 Rnd 1 Pick 22
44,Miles Norris,PF,6-7,220,24,1,"2023 NBA Draft, Undrafted"
11,Jusuf Nurkic,FC,7-0,290,30,10,2014 Rnd 1 Pick 16
0,Royce O'Neale,SF,6-6,226,31,7,"2015 NBA Draft, Undrafted"
12,Josh Okogie,SG,6-4,213,26,6,2018 Rnd 1 Pick 20
17,Onyeka Okongwu,PF,6-10,240,24,4,2020 Rnd 1 Pick 6
35,Isaac Okoro,SG,6-5,225,24,4,2020 Rnd 1 Pick 5
13,Kelly Olynyk,C,6-11,240,33,11,2013 Rnd 1 Pick 13
9,"Kelly Oubre, Jr.",SF,6-8,203,29,9,2015 Rnd 1 Pick 15
3,Chris Paul,PG,6-0,175,39,19,2005 Rnd 1 Pick 4
1,Cameron Payne,G,6-3,183,30,9,2015 Rnd 1 Pick 14
0,Gary Payton II,G,6-2,195,32,8,"2016 NBA Draft, Undrafted"
13,Drew Peterson,F,6-9,205,25,1,"2023 NBA Draft, Undrafted"
15,Julian Phillips,F,6-8,198,21,1,2023 Rnd 2 Pick 5
24,Jalen Pickett,F,6-2,202,25,1,2023 Rnd 2 Pick 2
1,"Scotty Pippen, Jr.",G,6-1,170,24,2,"2022 NBA Draft, Undrafted"
29,Daeqwon Plowden,GF,6-6,216,26,0,"2022 NBA Draft, Undrafted"
22,Mason Plumlee,PF,6-10,254,35,11,2013 Rnd 1 Pick 22
2,Brandin Podziemski,G,6-4,205,22,1,2023 Rnd 1 Pick 19
19,Jakob Poeltl,C,7-0,260,29,8,2016 Rnd 1 Pick 9
13,Jordan Poole,SG,6-4,194,25,5,2019 Rnd 1 Pick 28
9,"Craig Porter, Jr.",G,6-1,180,25,1,"2023 NBA Draft, Undrafted"
3,"Kevin Porter, Jr.",SF,6-4,203,24,4,2019 Rnd 1 Pick 30
1,"Michael Porter, Jr.",PF,6-10,218,26,6,2018 Rnd 1 Pick 14
9,Bobby Portis,PF,6-10,250,30,9,2015 Rnd 1 Pick 22
8,Kristaps Porzingis,FC,7-2,240,29,9,2015 Rnd 1 Pick 4
21,Quinten Post,C,7-0,238,25,0,2024 Rnd 2 Pick 22
25,Micah Potter,C,6-9,248,26,3,"2021 NBA Draft, Undrafted"
7,Dwight Powell,PF,6-10,240,33,10,2014 Rnd 2 Pick 15
24,Norman Powell,SG,6-4,215,31,9,2015 Rnd 2 Pick 16
12,Taurean Prince,F,6-6,218,31,8,2016 Rnd 1 Pick 12
11,Payton Pritchard,PG,6-1,195,27,4,2020 Rnd 1 Pick 26
8,Olivier-Maxence Prosper,F,6-7,230,22,1,2023 Rnd 1 Pick 24
2,Zyon Pullin,PG,6-4,206,24,0,"2024 NBA Draft, Undrafted"
12,Trevelin Queen,G,6-5,190,28,3,"2020 NBA Draft, Undrafted"
88,Neemias Queta,C,7-0,248,25,3,2021 Rnd 2 Pick 9
5,Immanuel Quickley,PG,6-2,190,25,4,2020 Rnd 1 Pick 25
22,Lester Quinones,SG,6-4,208,24,2,"2022 NBA Draft, Undrafted"
30,Julius Randle,PF,6-9,250,30,10,2014 Rnd 1 Pick 7
26,Duop Reath,C,6-9,245,28,1,"2018 NBA Draft, Undrafted"
15,Austin Reaves,PG,6-5,197,26,3,"2021 NBA Draft, Undrafted"
7,"Paul Reed, Jr.",F,6-9,210,25,4,2020 Rnd 2 Pick 28
65,Alex Reese,FC,6-9,245,25,0,"2021 NBA Draft, Undrafted"
12,Antonio Reeves,GF,6-5,205,24,0,2024 Rnd 2 Pick 17
11,Naz Reid,C,6-9,264,25,5,"2019 NBA Draft, Undrafted"
8,Jared Rhoden,SG,6-5,210,25,2,"2022 NBA Draft, Undrafted"
2,Nick Richards,C,7-0,245,27,4,2020 Rnd 2 Pick 12
10,Zaccharie Risacher,F,6-8,200,19,0,2024 Rnd 1 Pick 1
55,Duncan Robinson,F,6-7,215,30,6,"2018 NBA Draft, Undrafted"
23,Mitchell Robinson,C,7-0,240,27,6,2018 Rnd 2 Pick 6
21,Orlando Robinson,PF,6-10,235,24,2,"2022 NBA Draft, Undrafted"
50,Jeremiah Robinson-Earl,PF,6-8,240,24,3,2021 Rnd 2 Pick 2
21,David Roddy,F,6-4,255,24,2,2022 Rnd 1 Pick 23
13,Ryan Rollins,G,6-3,180,22,2,2022 Rnd 2 Pick 14
44,Jackson Rowe,F,6-7,210,28,0,"2020 NBA Draft, Undrafted"
2,Terry Rozier,G,6-1,190,31,9,2015 Rnd 1 Pick 16
21,Rayan Rupert,G,6-6,195,20,1,2023 Rnd 2 Pick 13
1,D'Angelo Russell,SG,6-3,193,29,9,2015 Rnd 1 Pick 2
11,Domantas Sabonis,PF,6-10,240,28,8,2016 Rnd 1 Pick 11
31,Tidjane Salaun,F,6-8,207,19,0,2024 Rnd 1 Pick 6
15,Gui Santos,GF,6-6,185,22,1,2022 Rnd 2 Pick 25
9,Dario Saric,SF,6-10,225,30,8,2014 Rnd 1 Pick 12
20,Alex Sarr,FC,7-0,205,19,0,2024 Rnd 1 Pick 2
25,Marcus Sasser,G,6-2,195,24,1,2023 Rnd 1 Pick 25
55,Baylor Scheierman,PG,6-6,205,24,0,2024 Rnd 1 Pick 30
17,Dennis Schroder,PG,6-1,175,31,11,2013 Rnd 1 Pick 17
28,Alperen Sengun,C,6-11,243,22,3,2021 Rnd 1 Pick 16
28,Brice Sensabaugh,F,6-5,235,21,1,2023 Rnd 1 Pick 28
2,Collin Sexton,PG,6-3,190,26,6,2018 Rnd 1 Pick 8
44,Landry Shamet,PG,6-4,190,28,6,2018 Rnd 1 Pick 26
0,"Terrence Shannon, Jr.",F,6-6,215,24,0,2024 Rnd 1 Pick 27
20,Day'Ron Sharpe,PF,6-9,265,23,3,2021 Rnd 1 Pick 29
17,Shaedon Sharpe,F,6-5,208,21,2,2022 Rnd 1 Pick 7
23,Jamal Shead,G,6-1,200,22,0,2024 Rnd 2 Pick 15
26,Ben Sheppard,G,6-6,190,23,1,2023 Rnd 1 Pick 26
15,Reed Sheppard,G,6-2,185,20,0,2024 Rnd 1 Pick 3
43,Pascal Siakam,F,6-8,245,31,8,2016 Rnd 1 Pick 27
25,Ben Simmons,PF,6-10,240,28,8,2016 Rnd 1 Pick 1
1,Anfernee Simons,SG,6-3,200,25,6,2018 Rnd 1 Pick 24
25,K.J. Simpson,G,6-0,189,23,0,2024 Rnd 2 Pick 12
0,Jericho Sims,C,6-10,250,26,3,2021 Rnd 2 Pick 28
36,Marcus Smart,PG,6-3,220,31,10,2014 Rnd 1 Pick 6
12,Dru Smith,SG,6-2,203,27,2,"2021 NBA Draft, Undrafted"
7,Jalen Smith,C,6-9,215,25,4,2020 Rnd 1 Pick 10
10,"Jabari Smith, Jr.",F,6-10,220,21,2,2022 Rnd 1 Pick 3
8,"Nick Smith, Jr.",G,6-2,185,20,1,2023 Rnd 1 Pick 27
35,Tolu Smith,F,6-11,245,24,0,"2024 NBA Draft, Undrafted"
21,Tyler Smith,F,6-9,224,20,0,2024 Rnd 2 Pick 3
10,Jeremy Sochan,SG,6-8,230,21,2,2022 Rnd 1 Pick 9
24,Cam Spencer,SG,6-4,205,25,0,2024 Rnd 2 Pick 23
61,Pat Spencer,G,6-3,205,28,1,"2020 NBA Draft, Undrafted"
11,Jaden Springer,SG,6-4,202,22,3,2021 Rnd 1 Pick 28
4,Isaiah Stevens,PG,6-0,185,24,0,"2024 NBA Draft, Undrafted"
8,Lamar Stevens,SF,6-7,230,27,4,"2020 NBA Draft, Undrafted"
28,Isaiah Stewart II,C,6-8,250,23,4,2020 Rnd 1 Pick 16
3,Julian Strawther,GF,6-6,205,22,1,2023 Rnd 1 Pick 29
1,Max Strus,G,6-5,215,29,5,"2019 NBA Draft, Undrafted"
4,Jalen Suggs,SG,6-5,205,23,3,2021 Rnd 1 Pick 5
12,Cole Swider,F,6-8,220,25,2,"2022 NBA Draft, Undrafted"
8,Jae'sean Tate,F,6-4,230,29,4,"2018 NBA Draft, Undrafted"
0,Jayson Tatum,SF,6-8,210,27,7,2017 Rnd 1 Pick 3
17,Garrett Temple,G,6-5,195,38,14,"2009 NBA Draft, Undrafted"
25,Dalen Terry,PG,6-7,195,22,2,2022 Rnd 1 Pick 18
24,Cam Thomas,PG,6-3,210,23,3,2021 Rnd 1 Pick 27
1,Amen Thompson,G,6-7,200,22,1,2023 Rnd 1 Pick 4
9,Ausar Thompson,G,6-6,205,22,1,2023 Rnd 1 Pick 5
55,Ethan Thompson,SG,6-5,195,25,0,"2021 NBA Draft, Undrafted"
31,Klay Thompson,G,6-5,220,35,13,2011 Rnd 1 Pick 11
13,Tristan Thompson,F,6-9,254,34,13,2011 Rnd 1 Pick 4
21,J.T. Thor,PF,6-9,203,22,3,2021 Rnd 2 Pick 7
4,Matisse Thybulle,SF,6-5,201,28,5,2019 Rnd 1 Pick 20
26,"Xavier Tillman, Sr.",PF,6-7,245,26,4,2020 Rnd 2 Pick 5
26,Drew Timme,F,6-10,235,24,0,"2023 NBA Draft, Undrafted"
30,Nae'qwan Tomlin,F,6-10,210,24,0,"2024 NBA Draft, Undrafted"
44,Nikola Topic,PG,6-6,200,19,0,2024 Rnd 1 Pick 12
0,Jacob Toppin,SF,6-8,200,24,1,"2023 NBA Draft, Undrafted"
1,Obi Toppin,F,6-9,220,27,4,2020 Rnd 1 Pick 8
32,Karl-Anthony Towns,C,7-0,248,29,9,2015 Rnd 1 Pick 1
33,Luke Travers,F,6-7,207,23,0,2022 Rnd 2 Pick 26
5,"Gary Trent, Jr.",SG,6-5,204,26,6,2018 Rnd 2 Pick 7
34,Oscar Tshiebwe,F,6-8,255,25,1,"2023 NBA Draft, Undrafted"
17,P.J. Tucker,SF,6-5,245,39,13,2006 Rnd 2 Pick 5
33,Myles Turner,FC,6-11,250,29,9,2015 Rnd 1 Pick 11
5,Hunter Tyson,SF,6-8,215,24,1,2023 Rnd 2 Pick 7
24,Jaylon Tyson,F,6-6,215,22,0,2024 Rnd 1 Pick 20
17,Stanley Umude,G,6-6,210,25,2,"2022 NBA Draft, Undrafted"
17,Jonas Valanciunas,C,6-11,265,32,12,2011 Rnd 1 Pick 5
5,Fred VanVleet,G,6-0,197,31,8,"2016 NBA Draft, Undrafted"
2,Jarred Vanderbilt,PF,6-8,214,25,6,2018 Rnd 2 Pick 11
24,Devin Vassell,SG,6-5,200,24,4,2020 Rnd 1 Pick 11
7,Gabe Vincent,G,6-2,200,28,5,"2018 NBA Draft, Undrafted"
9,Nikola Vucevic,PF,6-10,260,34,13,2011 Rnd 1 Pick 16
0,Tristan Vukcevic,F,7-0,220,22,1,2023 Rnd 2 Pick 12
32,Dean Wade,PF,6-9,228,28,5,"2019 NBA Draft, Undrafted"
22,Franz Wagner,SF,6-10,220,23,3,2021 Rnd 1 Pick 8
21,Moe Wagner,PF,6-11,245,27,6,2018 Rnd 1 Pick 25
34,Jabari Walker,F,6-7,237,22,2,2022 Rnd 2 Pick 27
5,Jarace Walker,G,6-7,235,21,1,2023 Rnd 1 Pick 8
16,Lonnie Walker,SG,6-4,204,26,6,2018 Rnd 1 Pick 18
22,Cason Wallace,G,6-3,195,21,1,2023 Rnd 1 Pick 10
2,Keaton Wallace,G,6-3,185,26,1,"2021 NBA Draft, Undrafted"
27,Jordan Walsh,F,6-6,205,21,1,2023 Rnd 2 Pick 8
14,Ja'Kobe Walter,F,6-5,180,20,0,2024 Rnd 1 Pick 19
7,Kel'el Ware,PF,7-0,230,20,0,2024 Rnd 1 Pick 15
14,"TyTy Washington, Jr.",PG,6-3,195,23,2,2022 Rnd 1 Pick 29
25,P.J. Washington,PF,6-6,230,26,5,2019 Rnd 1 Pick 12
43,Lindy Waters III,SG,6-6,210,27,3,"2020 NBA Draft, Undrafted"
9,Trendon Watford,SF,6-8,237,24,3,"2021 NBA Draft, Undrafted"
21,Anton Watson,SF,6-8,225,24,0,2024 Rnd 2 Pick 24
8,Peyton Watson,GF,6-7,200,22,2,2022 Rnd 1 Pick 30
0,Jaylen Wells,F,6-8,206,21,0,2024 Rnd 2 Pick 9
1,Victor Wembanyama,F,7-3,235,21,1,2023 Rnd 1 Pick 1
14,Blake Wesley,SG,6-3,185,22,2,2022 Rnd 1 Pick 25
4,Russell Westbrook,G,6-4,200,36,16,2008 Rnd 1 Pick 4
36,Phillip Wheeler,F,6-8,185,22,0,"2022 NBA Draft, Undrafted"
0,Coby White,PG,6-5,195,25,5,2019 Rnd 1 Pick 7
9,Derrick White,G,6-4,190,30,7,2017 Rnd 1 Pick 29
0,Dariq Whitehead,F,6-6,220,20,1,2023 Rnd 1 Pick 22
7,Cam Whitmore,F,6-7,230,20,1,2023 Rnd 1 Pick 20
21,Aaron Wiggins,F,6-5,190,26,3,2021 Rnd 2 Pick 25
22,Andrew Wiggins,F,6-7,197,30,10,2014 Rnd 1 Pick 1
10,Brandon Williams,PG,6-1,190,25,2,"2021 NBA Draft, Undrafted"
5,Cody Williams,F,6-7,190,20,0,2024 Rnd 1 Pick 10
2,Grant Williams,SF,6-6,236,26,5,2019 Rnd 1 Pick 22
8,Jalen Williams,G,6-5,211,23,2,2022 Rnd 1 Pick 12
6,Jaylin Williams,C,6-9,240,22,2,2022 Rnd 2 Pick 4
19,"Nate Williams, Jr.",SG,6-5,205,26,2,"2022 NBA Draft, Undrafted"
5,"Vincent Williams, Jr.",SF,6-4,205,24,2,2022 Rnd 2 Pick 17
34,Kenrich Williams,SF,6-6,210,30,6,"2018 NBA Draft, Undrafted"
5,Mark Williams,C,7-0,240,23,2,2022 Rnd 1 Pick 15
44,Patrick Williams,G,6-7,215,23,4,2020 Rnd 1 Pick 4
35,Robert Williams,PF,6-9,249,27,6,2018 Rnd 1 Pick 27
8,Ziaire Williams,F,6-9,185,23,3,2021 Rnd 1 Pick 10
1,Zion Williamson,PF,6-6,284,24,5,2019 Rnd 1 Pick 1
22,Jalen Wilson,F,6-6,220,24,1,2023 Rnd 2 Pick 21
0,Delon Wright,G,6-5,185,32,9,2015 Rnd 1 Pick 20
28,Guerschon Yabusele,PF,6-8,265,29,2,2016 Rnd 1 Pick 16
17,Jahmir Young,PG,6-1,185,24,0,"2024 NBA Draft, Undrafted"
11,Trae Young,PG,6-1,164,26,6,2018 Rnd 1 Pick 5
40,Ivica Zubac,C,7-0,240,28,8,2016 Rnd 2 Pick 2